dataset,seed,train_size,test_size,accuracy,balanced_accuracy,macro_f1,weighted_f1,macro_recall,rare_recall,zero_recall_class_count,zero_recall_class_fraction,multiclass_brier_score,nll,ece,label_coverage_count,label_coverage_fraction,class_coverage_count,class_coverage_fraction,missing_label_count,missing_label_fraction,missing_class_count,missing_class_fraction,missing_test_support_weighted_fraction,runtime_seconds
banking77,13,500,250,0.352,0.34186765615337045,0.283244357728674,0.30945168663753375,0.34186765615337045,,34.0,0.44155844155844154,0.9217778553547967,3.4430776457020436,0.28290681031856835,77,1.0,77,1.0,0,0.0,0,0.0,0.0,0.48539649999293033
banking77,21,500,250,0.44,0.4834761904761905,0.39222231592361473,0.4116085137085136,0.47091836734693876,,21.0,0.28,0.9268708675724864,3.426844558002,0.3762393541215449,77,1.0,77,1.0,0,0.0,0,0.0,0.0,0.48479519999818876
banking77,34,500,250,0.376,0.3641111111111111,0.28190988242488463,0.3296062259579501,0.3546536796536796,,34.0,0.4533333333333333,0.9065908809920848,3.3788249851522583,0.28881405750559874,77,1.0,77,1.0,0,0.0,0,0.0,0.0,0.4786907999950927
