dataset,seed,train_size,test_size,accuracy,balanced_accuracy,macro_f1,weighted_f1,macro_recall,rare_recall,zero_recall_class_count,zero_recall_class_fraction,label_coverage_count,label_coverage_fraction,class_coverage_count,class_coverage_fraction,missing_label_count,missing_label_fraction,missing_class_count,missing_class_fraction,missing_test_support_weighted_fraction,runtime_seconds
separable_topics,13,216,108,1.0,1.0,1.0,1.0,1.0,,0.0,0.0,3,1.0,3,1.0,0,0.0,0,0.0,0.0,0.015918500001134817
rare_class_trap,13,220,120,0.9916666666666667,0.9833333333333334,0.9867581557722404,0.9916185145058384,0.9833333333333334,0.95,0.0,0.0,3,1.0,3,1.0,0,0.0,0,0.0,0.0,0.01883110000017041
grouped_duplicates,13,216,81,1.0,1.0,1.0,1.0,1.0,,0.0,0.0,3,1.0,3,1.0,0,0.0,0,0.0,0.0,0.018014299999776995
separable_topics,21,216,108,1.0,1.0,1.0,1.0,1.0,,0.0,0.0,3,1.0,3,1.0,0,0.0,0,0.0,0.0,0.015875700000833604
rare_class_trap,21,220,120,0.9916666666666667,0.9833333333333334,0.9867581557722404,0.9916185145058384,0.9833333333333334,0.95,0.0,0.0,3,1.0,3,1.0,0,0.0,0,0.0,0.0,0.018130700000256184
grouped_duplicates,21,216,81,1.0,1.0,1.0,1.0,1.0,,0.0,0.0,3,1.0,3,1.0,0,0.0,0,0.0,0.0,0.014593699999750243
separable_topics,34,216,108,1.0,1.0,1.0,1.0,1.0,,0.0,0.0,3,1.0,3,1.0,0,0.0,0,0.0,0.0,0.018558499999926426
rare_class_trap,34,220,120,0.9916666666666667,0.9833333333333334,0.9867581557722404,0.9916185145058384,0.9833333333333334,0.95,0.0,0.0,3,1.0,3,1.0,0,0.0,0,0.0,0.0,0.02105680000022403
grouped_duplicates,34,216,81,1.0,1.0,1.0,1.0,1.0,,0.0,0.0,3,1.0,3,1.0,0,0.0,0,0.0,0.0,0.01434770000014396
